,0
0,0.0
1,1.0
2,0.0
3,0.37190318421822466
4,1.0
5,0.0
6,0.0
7,0.0
8,0.0
9,0.6049753888434293
10,0.0
11,0.6272058194279236
12,0.0
13,0.0
14,0.0
15,0.0
16,0.0
17,0.0
18,0.0
19,0.0
20,0.0
21,0.0
22,0.0
23,1.0
24,1.0
25,0.22590928879298577
26,0.09593154712896557
27,1.0
28,0.46718454666708975
29,0.0
30,0.39494571383423316
31,0.0
32,0.0
33,0.0
34,0.0
35,1.0
36,0.0
37,1.0
38,0.0
39,0.0
40,0.0
41,0.0
42,1.0
43,0.0
44,0.0
45,0.0
46,0.0
47,0.25458308532160556
48,1.0
49,0.3297624915908075
50,0.48219613012492923
51,1.0
52,0.0
53,0.0
54,1.0
55,0.0
56,0.0
57,0.6482475147329928
58,0.0
59,0.01893822717451632
60,0.0
61,1.0
62,0.0
63,0.0
64,0.0
65,0.0
66,1.0
67,0.06717941062926414
68,0.0
69,0.0
70,0.0
71,0.0
72,0.0
73,0.0
74,0.09481155373398087
75,0.0
76,1.0
77,1.0
78,0.0
79,0.0
80,0.0
81,0.0
82,0.3765144243926275
83,0.0
84,0.0
85,0.8534487440637125
86,0.5427511824544928
87,1.0
88,1.0
89,0.0
90,0.6598424924302928
91,0.0
92,0.8657572541006384
93,0.0
94,1.0
95,0.0
96,0.0
97,0.7830121205595815
98,0.29456080908385174
99,0.07366647630301126
100,0.0
101,0.9248924517460578
102,0.0
103,0.0
104,0.0
105,1.0
106,0.167828310692547
107,1.0
108,0.0
109,0.0
110,0.0
111,0.6523648171602595
112,0.0
113,0.0
114,0.0
115,0.5108622939524923
116,0.4563355127277128
117,0.0
118,1.0
119,0.0
120,0.0
121,1.0
122,0.11061299052307638
123,1.0
124,0.0
125,0.0
126,1.0
127,0.12716245069243437
128,0.0
129,0.0
130,0.0
131,0.0
132,0.0
133,0.0
134,0.0
135,0.0
136,0.8730174943488151
137,0.0
138,0.0
139,1.0
140,0.0
141,1.0
142,0.0
143,0.9537160203195134
144,0.0
145,0.0
146,0.37154754756272457
147,0.0
148,0.813815175138521
149,0.746475162931161
150,0.0
151,0.3259522925297741
152,0.0
153,0.0
154,0.0
155,1.0
156,0.040856574801001466
157,0.1055503235542008
158,0.0
159,0.0
160,0.0
161,0.0
162,1.0
163,0.0
164,0.8948549005826739
165,0.0
166,0.0
167,0.0
168,0.0
169,0.0
170,0.1213327892031103
171,1.0
172,0.0
173,0.0
174,0.0
175,0.0
176,1.0
177,0.0
178,0.741951364572156
179,0.0
180,0.0
181,0.0
182,0.0
183,0.4364441509732375
184,0.14589834263977763
185,0.0
186,0.0
187,0.0
188,0.0
189,0.0
190,0.0
191,0.0
192,0.981029194196012
193,0.5801401262543262
194,0.0
195,0.0
196,0.0
197,0.5102021780427493
198,0.0
199,0.04587212128940321
200,1.0
201,0.6827407861912151
202,0.8763861568872011
203,0.17092678604299594
204,0.0
205,0.0
206,0.0
207,0.7460538352851523
208,0.0
209,1.0
210,0.0
211,1.0
212,0.0
213,0.9403369396431779
214,0.0
215,0.0
216,0.0
217,0.0
218,0.0
219,0.0
220,0.0
221,1.0
222,0.0
223,0.10457632518339288
224,1.0
225,0.0
226,0.6173263532838438
227,1.0
228,1.0
229,1.0
230,0.0
231,0.0
232,0.0
233,0.3075812523222823
234,0.0
235,1.0
236,1.0
237,0.0
238,0.0
239,0.0
240,0.4139307712310045
241,0.3766793811972182
242,1.0
243,0.14277076682828982
244,1.0
245,0.07647830924000432
246,0.0
247,1.0
248,0.0
249,0.22199298962855696
250,0.0
251,0.0
252,0.0
253,0.0
254,0.0
255,0.0
256,0.0
257,0.0
258,0.4927458842069534
259,0.844090272265012
260,1.0
261,0.36860131439951893
262,0.8302570025395495
263,1.0
264,1.0
265,0.0
266,0.0
267,0.0
268,0.0
269,0.0
270,0.0
271,0.0
272,0.0
273,0.0
274,0.0
275,0.0
276,0.0
277,0.9197299835684902
278,0.0
279,0.0
280,0.0
281,0.8658137644264225
282,0.0
283,0.01741641852937381
284,0.0
285,0.07886078533072305
286,0.39645809891372796
287,0.0
288,0.0
289,0.0
290,0.0
291,0.0
292,0.0
293,0.08793068109048752
294,0.0
295,0.0
296,0.9707116186182694
297,0.0
298,0.0
299,0.0
300,0.6469377297859565
301,0.0
302,0.0
303,0.0
304,0.0884798113710541
305,1.0
306,0.0
307,0.0
308,0.0
309,0.0
310,0.0
311,0.0
312,0.47900357765480994
313,0.1039052331259751
314,0.0
315,0.0
316,0.4980031190961141
317,0.0
318,0.0
319,1.0
320,0.0
321,0.0
322,1.0
323,1.0
324,1.0
325,0.0
326,0.0
327,0.6353236805539759
328,0.0
329,1.0
330,0.0
331,0.0
332,0.0
333,0.0
334,0.0
335,0.0
336,1.0
337,0.0
338,1.0
339,0.0
340,1.0
341,0.0
342,0.0
343,0.0
344,0.0
345,0.024683571387873693
346,0.0
347,1.0
348,1.0
349,0.0
350,1.0
351,0.0
352,0.3616536241915628
353,0.0
354,0.0
355,0.0
356,0.0
357,1.0
358,0.0
359,0.0
360,0.0
361,1.0
362,0.0
363,0.0
364,1.0
365,0.0
366,1.0
367,0.0
368,0.0
369,0.0
370,0.0
371,1.0
372,0.0
373,0.9106062788072453
374,0.0
375,0.0
376,0.0
377,0.0
378,0.27186165533464657
379,0.0
380,0.0
381,1.0
382,0.0
383,0.28430748738267253
384,1.0
385,0.0
386,1.0
387,0.0
388,0.0
389,0.0
390,0.567579497339881
391,0.22774082259825068
392,0.0
393,0.0
394,0.3208664220384977
395,0.0
396,0.0
397,0.0
398,0.0
399,0.0
400,0.2776646381781446
401,0.0
402,1.0
403,0.0
404,0.0
405,0.0
406,0.0
407,0.0
408,0.0
409,0.1422726223710138
410,0.0
411,0.0
412,0.0
413,1.0
414,0.7320458606504372
415,0.0
416,0.0
417,0.0
418,0.0
419,0.0
420,0.0
421,1.0
422,0.0
423,1.0
424,0.0
425,0.0
426,0.0
427,0.0
428,0.0
429,0.2623232247324796
430,0.0
431,0.0
432,1.0
433,0.0
434,0.0
435,0.0
436,0.0
437,0.0
438,0.0
439,0.0
440,0.7907031141567763
441,0.0
442,0.0
443,0.0
444,0.0
445,0.4156539891535086
446,0.48457380418299756
447,1.0
448,0.0
449,0.0
450,0.5971288316520658
451,0.0
452,1.0
453,0.4348999480149335
454,0.0
455,0.0
456,0.0
457,1.0
458,0.0
459,0.19839285812812812
460,0.685884342441351
461,0.7879585965941704
462,0.0
463,0.0
464,0.0
465,1.0
466,0.0
467,0.1881915164377902
468,0.0
469,0.0
470,0.8019933312727225
471,1.0
472,0.0
473,0.0
474,0.0
475,0.0
476,0.0
477,0.37722657378145363
478,1.0
479,0.0
480,0.0
481,0.0
482,1.0
483,0.0
484,0.0
485,0.0
486,0.6298781573255826
487,1.0
488,0.0
489,0.0
490,1.0
491,0.0
492,0.0
493,0.0
494,0.16482999265703624
495,0.6717984070205536
496,0.0
497,0.4388856920350569
498,1.0
499,0.0
500,0.0
501,0.5076264604332398
502,0.7095476190780798
503,1.0
504,0.0
505,0.0
506,0.0
507,0.0
508,1.0
509,0.0
510,1.0
511,0.0
512,0.0
513,0.0
514,1.0
515,0.0
516,1.0
517,0.0
518,0.9308488384543872
519,1.0
520,0.0
521,1.0
522,0.8645947896009636
523,0.0
524,0.9248768149449231
525,0.49146209373706284
526,0.0
527,1.0
528,0.11137127518141221
529,0.0
530,0.0
531,0.0
532,0.0
533,0.0
534,0.0
535,0.49584380977779186
536,0.0
537,0.0
538,0.0
539,0.8090853127458885
540,0.6688505549803576
541,1.0
542,0.0
543,0.0
544,0.0
545,1.0
546,0.0
547,0.0
548,0.0
549,1.0
550,0.0
551,0.0
552,0.11580819401560671
553,0.0
554,1.0
555,0.0
556,0.9387529775047343
557,0.0
558,1.0
559,0.35442975132529864
560,0.032408638342418805
561,0.0
562,0.0
563,1.0
564,0.0
565,1.0
566,0.0
567,0.0
568,0.0
569,0.0
570,1.0
571,0.0
572,0.0
573,0.0
574,0.3058776038717054
575,0.0
576,0.0
577,0.0
578,1.0
579,0.0
580,0.0
581,0.22680084993524763
582,0.0
583,0.0
584,0.0
585,0.0
586,1.0
587,0.0
588,0.0
589,1.0
590,0.0
591,1.0
592,0.0
593,0.0
594,0.0
595,0.0
596,0.0
597,0.0
598,1.0
599,0.0
600,0.0
601,1.0
602,0.8362832661854052
603,0.0
604,1.0
605,0.0
606,0.3231905687024943
607,1.0
608,0.0
609,0.5031208971197109
610,0.0
611,0.0
612,0.0
613,0.0
614,0.0
615,0.0
616,0.08089693685441002
617,0.30484271456969414
618,0.0
619,1.0
620,0.0
621,0.0
622,0.0
623,0.0
624,0.0
625,0.0
626,1.0
627,0.0
628,0.16078446642371913
629,0.0
630,0.0
631,1.0
632,1.0
633,0.0
634,0.0
635,0.0
636,1.0
637,1.0
638,0.6086282178752873
639,0.0
640,0.0
641,1.0
642,0.0
643,1.0
644,0.0
645,0.0
646,1.0
647,0.0
648,0.0
649,1.0
650,0.0
651,1.0
652,0.0
653,0.0
654,0.0
655,0.0
656,0.8121583893400632
657,0.9199453732716422
658,0.0
659,0.0
660,0.0
661,0.0
662,1.0
663,1.0
664,0.0
665,0.0
666,0.1347899703330756
667,0.0
668,1.0
669,1.0
670,0.0
671,1.0
672,0.9588739237417853
673,0.0
674,0.0
675,0.0
676,0.0
677,0.0
678,0.0
679,0.742755385193302
680,0.0
681,0.0
682,0.0
683,1.0
684,0.0
685,0.0
686,0.0
687,0.02594673547453563
688,0.0
689,0.32498547836423786
690,0.0
691,0.0
692,0.0
693,0.0
694,0.0
695,1.0
696,0.0
697,0.0
698,0.0
699,0.0
700,0.0
701,0.0
702,0.0
703,1.0
704,0.4800223453778877
705,0.0
706,0.0
707,0.0
708,0.0
709,0.13356369377143829
710,0.0
711,0.0
712,0.0
713,1.0
714,0.0
715,0.0
716,1.0
717,0.0
718,0.4143058587765742
719,1.0
720,1.0
721,0.0
722,0.7394257025628248
723,1.0
724,1.0
725,0.0
726,0.03211133336644645
727,0.0
728,0.0
729,0.0
730,1.0
731,0.0
732,0.0
733,0.0
734,0.0
735,0.0
736,0.6380297710571982
737,0.20103750481185445
738,0.0
739,1.0
740,0.0
741,1.0
742,0.010103832308928307
743,0.06281528353033405
744,0.0
745,1.0
746,0.0
747,0.0
748,0.0
749,0.0
750,1.0
751,1.0
752,0.06901633305626942
753,0.0
754,1.0
755,1.0
756,0.5085737377514882
757,0.7888407354676428
758,1.0
759,0.7118384244206151
760,0.1938028641141336
761,0.9899021800191882
762,0.0
763,0.0
764,0.0
765,0.8074942039384396
766,1.0
767,0.0
768,0.0496228082307022
769,0.0
770,1.0
771,0.0
772,0.0
773,0.0
774,0.0
775,0.0
776,0.0
777,0.0
778,0.3381127092891404
779,1.0
780,0.0
781,0.9654589462743735
782,0.0
783,0.0
784,0.0
785,0.0
786,0.13280830752636186
787,0.5777613499485594
788,1.0
789,0.0
790,0.0
791,0.0
792,0.0
793,0.7469327259026781
794,0.0
795,0.0
796,1.0
797,0.7923183081895654
798,0.1686415416508581
799,0.0
800,0.0
801,0.0
802,0.0
803,0.0
804,0.676968098236581
805,0.0
806,0.0
807,1.0
808,1.0
809,0.0
810,0.0
811,0.0
812,1.0
813,0.0
814,0.0
815,0.0
816,0.0
817,0.0
818,0.34740625398043123
819,0.0
820,1.0
821,0.0
822,1.0
823,0.0
824,1.0
825,1.0
826,0.0
827,0.0
828,0.04113272732824125
829,0.0
830,1.0
831,0.0
832,0.0
833,0.0
834,0.0
835,0.0
836,1.0
837,1.0
838,0.0
839,1.0
840,0.0
841,0.0
842,1.0
843,0.0
844,1.0
845,0.0
846,0.0
847,1.0
848,0.363686612999905
849,0.0
850,0.0
851,0.0
852,0.9711501189815773
853,1.0
854,0.0
855,0.0
856,1.0
857,0.0
858,1.0
859,0.0
860,0.0
861,0.0
862,0.0
863,0.0
864,1.0
865,0.11988306168662399
866,0.0
867,1.0
868,0.0
869,0.0
870,0.0
871,1.0
872,0.0
873,1.0
874,0.0
875,0.4834913781655871
876,1.0
877,0.9192256526074551
878,0.0
879,1.0
880,0.1827883100710217
881,0.0
882,0.26415866083915074
883,1.0
884,0.9430817326132895
885,0.0
886,1.0
887,0.0
888,0.07373189191461171
889,0.27483538539894614
890,1.0
891,0.8791043884710111
892,0.0
893,0.30761599982845445
894,0.0
895,1.0
896,0.0
897,0.0
898,0.332512212116135
899,0.0
900,0.0454355056949961
901,0.011168571743258915
902,0.0
903,0.0
904,0.0
905,0.0
906,1.0
907,0.0
908,1.0
909,0.0
910,0.0
911,0.1914454150813777
912,0.13686629368934944
913,0.0
914,1.0
915,0.0
916,0.0
917,1.0
918,0.0
919,0.0
920,0.4625993665953778
921,0.3471645148222686
922,0.0
923,1.0
924,0.27670095825140084
925,0.05735153183307695
926,0.0
927,0.5214059333573374
928,0.0
929,0.0
930,0.0
931,0.0
932,0.0
933,1.0
934,0.0
935,0.0
936,0.0
937,0.0
938,0.0
939,0.283491883511802
940,0.0002751820302596686
941,0.0
942,0.4223258776415899
943,0.0
944,1.0
945,0.0
946,1.0
947,0.0
948,0.0
949,0.0
950,0.0
951,1.0
952,1.0
953,0.0
954,0.004107216768428623
955,1.0
956,1.0
957,0.0
958,0.0
959,1.0
960,0.45978370014896863
961,0.0
962,0.0
963,0.18506392157158946
964,0.0
965,1.0
966,0.0
967,1.0
968,0.0
969,0.0
970,0.0
971,0.0
972,0.0
973,0.4668045853954589
974,1.0
975,0.0
976,0.0
977,0.0
978,0.0
979,1.0
980,0.7083805417045954
981,1.0
982,0.1416220253552013
983,0.0
984,0.0
985,0.0
986,0.5967189034202058
987,0.5444499492035547
988,0.0
989,1.0
990,1.0
991,0.0
992,0.0
993,0.0
994,0.19387414702149774
995,0.0
996,0.0
997,0.26003168841114843
998,0.1752511444402406
999,0.12042625342158031
1000,0.0
1001,1.0
1002,1.0
1003,0.05697435816004481
1004,0.0
1005,0.0
1006,0.0
1007,0.1389414400479615
1008,0.0
1009,1.0
1010,0.0
1011,0.8000550161268852
1012,0.0
1013,0.0
1014,1.0
1015,0.0
1016,1.0
1017,1.0
1018,0.0
1019,1.0
1020,0.0
1021,0.0
1022,0.0
1023,0.0
1024,0.031424364756509005
1025,0.0
1026,0.0
1027,0.0
1028,1.0
1029,0.0
1030,0.0
1031,0.0
1032,0.0
1033,0.0
1034,0.0
1035,0.45671058982705204
1036,0.0
1037,0.0
1038,1.0
1039,0.1977623954210619
1040,0.0
1041,0.8160763956063407
1042,0.0
1043,0.0
1044,0.0
1045,0.0
1046,0.0
1047,0.0
1048,1.0
1049,0.0
1050,0.0
1051,0.31822156757254716
1052,1.0
1053,0.6797353040866503
1054,0.2838759802188985
1055,1.0
1056,0.0
1057,0.0
1058,0.0
1059,0.0
1060,1.0
1061,0.0
1062,0.0
1063,0.2301961145781667
1064,0.0
1065,0.0
1066,1.0
1067,0.0
1068,1.0
1069,1.0
1070,1.0
1071,0.0
1072,0.35187354018164696
1073,1.0
1074,1.0
1075,0.0
1076,0.0
1077,0.0
1078,1.0
1079,0.0
1080,0.0
1081,1.0
1082,0.3065505725802422
1083,0.32094598402421204
1084,1.0
1085,0.0
1086,1.0
1087,0.0
1088,0.0
1089,0.2520416448480095
1090,0.0
1091,0.0
1092,0.5166259036670264
1093,0.0
1094,1.0
1095,0.7584294738305156
1096,1.0
1097,0.0
1098,0.8512528716820337
1099,0.0
1100,0.0
1101,0.0
1102,0.0
1103,1.0
1104,1.0
1105,0.0
1106,0.0
1107,0.0
1108,0.0
1109,1.0
1110,1.0
1111,0.0
1112,0.5607593489493795
1113,0.0
1114,0.0
1115,0.0
1116,0.0
1117,1.0
1118,0.0
1119,0.0
1120,0.5054489964095521
1121,1.0
1122,0.0
1123,1.0
1124,0.0
1125,0.0
1126,0.0
1127,0.0
1128,0.0
1129,1.0
1130,1.0
1131,0.0
1132,0.0
1133,0.0
1134,1.0
1135,0.0
1136,0.0
1137,0.0
1138,0.0
1139,1.0
1140,1.0
1141,1.0
1142,0.0
1143,1.0
1144,0.0
1145,0.0
1146,1.0
1147,0.0
1148,0.0007160864225476127
1149,0.0
1150,1.0
1151,0.0
1152,1.0
1153,0.0
1154,1.0
1155,0.0
1156,1.0
1157,0.0
1158,0.0
1159,0.0
1160,0.0
1161,1.0
1162,0.0
1163,0.0
1164,0.0
1165,0.0
1166,0.4448121619358585
1167,0.50374545053362
1168,0.0
1169,0.0
1170,0.0
1171,0.1392633415820952
1172,0.0
1173,0.0
1174,0.0
1175,0.0
1176,0.0
1177,0.0
1178,0.0
1179,0.0
1180,0.5598096457530193
1181,0.0
1182,0.0
1183,0.0
1184,0.0
1185,1.0
1186,1.0
1187,0.6714744871991022
1188,0.0
1189,1.0
1190,0.0
1191,0.0
1192,0.0
1193,1.0
1194,0.0
1195,0.0
1196,0.0
1197,0.0
1198,0.0
1199,0.0
1200,0.0
1201,1.0
1202,0.0
1203,0.0
1204,0.09216075796734391
1205,0.1341752569977691
1206,0.0
1207,0.0
1208,0.05637497730181373
1209,0.0
1210,1.0
1211,0.0
1212,0.0
1213,1.0
1214,1.0
1215,0.0
1216,0.0
1217,0.0
1218,0.0
1219,0.0
1220,0.35085906455332444
1221,0.0
1222,0.0
1223,0.15359072603813984
1224,0.0
1225,0.23373535836542791
1226,0.0
1227,0.0
1228,0.5586116805777751
1229,0.0
1230,0.0
1231,0.0
1232,0.0
1233,0.0
1234,0.12247321849005588
1235,0.0
1236,0.1795007581821797
1237,0.0
1238,0.0
1239,1.0
1240,0.0
1241,0.0
1242,0.4297649933004236
1243,0.0
1244,0.0
1245,0.0
1246,0.0
1247,1.0
1248,0.0
1249,0.45650527582834477
1250,0.0
1251,0.0
1252,1.0
1253,1.0
1254,1.0
1255,0.0
1256,1.0
1257,0.0
1258,0.0
1259,0.0
1260,1.0
1261,0.0
1262,1.0
1263,0.0
1264,1.0
1265,0.0
1266,0.0
1267,0.1670523237999465
1268,0.2414462023620323
1269,0.6017405536274155
1270,0.0
1271,0.8781639051168756
1272,0.0
1273,0.08682070880904635
1274,0.0
1275,0.0
1276,0.0
1277,0.0
1278,0.0
1279,0.8173228470623877
1280,1.0
1281,0.0
1282,0.0
1283,0.0
1284,1.0
1285,1.0
1286,1.0
1287,0.0
1288,0.389309445675588
1289,1.0
1290,0.0
1291,0.0
1292,0.0
1293,0.0
1294,1.0
1295,1.0
1296,0.0
1297,0.0
1298,0.0
1299,0.0
1300,0.22736606619660227
1301,1.0
1302,0.0
1303,1.0
1304,0.0018205802850657093
1305,1.0
1306,0.0
1307,0.0
1308,0.0
1309,0.09122252663088137
1310,0.0
1311,0.0
1312,1.0
1313,1.0
1314,0.0
1315,0.0
1316,0.0
1317,0.0
1318,1.0
1319,1.0
1320,0.0
1321,1.0
1322,1.0
1323,0.5835471204529138
1324,0.0
1325,0.0
1326,0.0
1327,1.0
1328,0.0
1329,0.0
1330,1.0
1331,0.0
1332,0.0
1333,0.1381083787176245
1334,0.6403236402140312
1335,1.0
1336,1.0
1337,0.0
1338,0.0
1339,0.0
1340,0.0
1341,0.0
1342,0.0
1343,0.5163321873912542
1344,0.0
1345,0.0
1346,0.0
1347,0.6689630861807312
1348,0.0
1349,0.11539476340193955
1350,0.0
1351,1.0
1352,0.0
1353,0.0
1354,1.0
1355,0.0
1356,0.0
1357,0.0
1358,0.0
1359,1.0
1360,0.0
1361,0.3702266318099071
1362,0.5971288316520658
1363,0.0
1364,0.0
1365,0.0
1366,0.0
1367,1.0
1368,0.6525270713803089
1369,0.0
1370,0.0
1371,0.0
1372,1.0
1373,0.01184015374974634
1374,0.0
1375,1.0
1376,0.0
1377,0.0
1378,1.0
1379,1.0
1380,0.0
1381,1.0
1382,0.0
1383,1.0
1384,0.0
1385,1.0
1386,0.0
1387,0.0
1388,0.751936383503505
1389,0.0
1390,0.0
1391,0.25798121321697887
1392,0.9861656564382122
1393,1.0
1394,0.0
1395,0.0
1396,0.4113464542260276
1397,0.0
1398,0.6080469197254277
1399,0.0
1400,0.13301427407810096
1401,0.0
1402,0.0
1403,1.0
1404,0.0
1405,0.728802178660723
1406,0.0
1407,0.0
1408,0.02596774902833965
1409,0.0
1410,0.0
1411,0.0
1412,0.0
1413,0.3854306348220343
1414,0.0
1415,0.185141386351655
1416,0.0
1417,0.9162512462058647
1418,0.0
1419,1.0
1420,1.0
1421,0.0
1422,1.0
1423,0.39494425094584007
1424,1.0
1425,0.0
1426,0.0
1427,0.4293263991119061
1428,0.0
1429,1.0
1430,0.0
1431,0.0
1432,0.0
1433,0.0
1434,0.0
1435,1.0
1436,1.0
1437,1.0
1438,0.0
1439,1.0
1440,0.0
1441,0.0
1442,0.015838833451568224
1443,1.0
1444,0.0
1445,0.20381974411048387
1446,0.0
1447,0.0
1448,0.0
1449,0.14641875761990497
1450,0.0
1451,0.18533809241963606
1452,0.0
1453,0.0
1454,0.0
1455,1.0
1456,0.0
1457,1.0
1458,0.0
1459,0.0
1460,0.0
1461,0.0
1462,0.011988641809452916
1463,1.0
1464,1.0
1465,1.0
1466,0.0
1467,1.0
1468,1.0
1469,0.0
1470,0.0
1471,0.0
1472,0.0
1473,1.0
1474,0.0
1475,0.0
1476,0.0
1477,0.0
1478,0.0
1479,0.0
1480,0.0
1481,0.3565490200095036
1482,0.17170123656306635
1483,0.0
1484,0.0
1485,0.5592618342059055
1486,1.0
1487,0.0
1488,0.0
1489,1.0
1490,0.3113606291628581
1491,0.0
1492,0.0
1493,0.0
1494,1.0
1495,1.0
1496,0.0
1497,0.0
1498,0.0
1499,0.0
1500,0.0
1501,0.0
1502,0.0
1503,0.0
1504,1.0
1505,0.0
1506,0.3901343207459951
1507,1.0
1508,0.0
1509,0.1219193624692777
1510,0.0
1511,0.0
1512,0.0
1513,0.0
1514,0.0
1515,1.0
1516,1.0
1517,0.0
1518,0.0
1519,0.11611210608996037
1520,0.0
1521,0.10103546387366158
1522,0.22936486750785468
1523,0.0
1524,1.0
1525,0.0
1526,0.0
1527,0.7076104522029165
1528,0.0
1529,0.21001037754561658
1530,1.0
1531,0.0
1532,0.0
1533,0.0
1534,1.0
1535,0.0
1536,0.0
1537,0.0
1538,0.0
1539,0.0
1540,0.0
1541,1.0
1542,0.0
1543,0.0
1544,0.0
1545,1.0
1546,1.0
1547,0.0
1548,0.0
1549,0.0
1550,0.0
1551,0.0
1552,0.0
1553,0.0
1554,0.09488321975570657
1555,0.0
1556,0.0
1557,0.5259610493247481
1558,0.0
1559,0.0
1560,0.0
1561,1.0
1562,0.0
1563,0.0
1564,0.0
1565,0.12802929538686414
1566,0.0
1567,0.0
1568,0.0
1569,0.0
1570,0.0
1571,1.0
1572,1.0
1573,0.0
1574,1.0
1575,0.0
1576,1.0
1577,0.2499210322693769
1578,0.0
1579,0.0
1580,0.0
1581,0.0
1582,0.0
1583,1.0
1584,1.0
1585,0.0
1586,0.593022356381877
1587,1.0
1588,1.0
1589,0.015973146819985407
1590,0.0
1591,0.0
1592,0.0
1593,0.0
1594,1.0
1595,1.0
1596,0.0
1597,0.0
1598,1.0
1599,0.0
1600,1.0
1601,0.0
1602,0.0
1603,0.0
1604,0.0
1605,0.0
1606,0.0
1607,0.0
1608,0.0
1609,0.0
1610,0.0
1611,0.0
1612,0.0
1613,1.0
1614,0.0
1615,0.0
1616,0.0
1617,0.0
1618,0.0
1619,0.0
1620,0.0
1621,1.0
1622,0.0
1623,1.0
1624,0.0
1625,1.0
1626,0.0
1627,0.0
1628,0.0
1629,0.0
1630,0.0
1631,1.0
1632,0.0
1633,0.0
1634,0.5978680420594126
1635,0.0
1636,0.0
1637,0.6671367895638639
1638,0.0
1639,1.0
1640,0.0
1641,0.0
1642,0.0
1643,0.0
1644,0.6306156398574772
1645,0.0
1646,1.0
1647,1.0
1648,0.0
1649,0.0
1650,0.466908905324819
1651,0.0
1652,0.0
1653,0.0
1654,0.0
1655,0.0
1656,0.0
1657,0.5445297887299165
1658,0.0
1659,0.0
1660,0.0
1661,0.0
1662,0.0
1663,1.0
1664,0.2257717161143945
1665,1.0
1666,0.0
1667,0.0
1668,0.0
1669,1.0
1670,0.0
1671,0.0
1672,0.0
1673,0.0
1674,0.0
1675,0.0
1676,0.0
1677,0.0
1678,0.0
1679,1.0
1680,0.6789881025756115
1681,0.0
1682,0.0
1683,0.0
1684,0.0
1685,1.0
1686,0.0
1687,0.006392923500304848
1688,1.0
1689,1.0
1690,0.0
1691,0.0
1692,1.0
1693,0.0
1694,0.0
1695,0.0
1696,0.0
1697,0.0
1698,0.2921373368069242
1699,0.4068695419661774
1700,0.9271345161434086
1701,0.47441316781971343
1702,1.0
1703,0.0
1704,0.0
1705,0.0
1706,0.0
1707,0.0
1708,0.0
1709,1.0
1710,1.0
1711,0.0
1712,0.0
1713,0.0
1714,0.0
1715,0.0
1716,0.0
1717,0.0
1718,0.048609357778768514
1719,0.05297916598241914
1720,0.7867695601151746
1721,1.0
1722,0.0
1723,0.0
1724,0.10493150558597575
1725,0.0
1726,0.0
1727,0.0
1728,0.29819452330308094
1729,0.0
1730,0.0
1731,0.0
1732,1.0
1733,0.9087315714638643
1734,0.0
1735,0.0
1736,1.0
1737,0.0
1738,0.0
1739,0.0
1740,1.0
1741,0.0
1742,0.3067017177645729
1743,0.0
1744,0.0
1745,0.35904911192705413
1746,0.0
1747,1.0
1748,0.0
1749,0.0
1750,1.0
1751,0.9761056301843516
1752,0.0
1753,0.0
1754,0.0
1755,0.0
1756,0.0
1757,0.0
1758,0.0
1759,0.0
1760,0.0
1761,0.0
1762,0.0
1763,0.0
1764,1.0
1765,0.0
1766,1.0
1767,0.0
1768,1.0
1769,0.0
1770,1.0
1771,1.0
1772,1.0
1773,0.0
1774,0.0
1775,0.0
1776,1.0
1777,0.0
1778,1.0
1779,0.4984839957427467
1780,0.22400565315757903
1781,0.4508765041912176
1782,0.0
1783,1.0
1784,1.0
1785,1.0
1786,0.0
1787,0.0
1788,0.0
1789,0.0
1790,0.0
1791,0.0
1792,0.0
1793,0.5858522143869086
1794,0.29009629975488704
1795,0.0
1796,0.038577788341149444
1797,0.0
1798,1.0
1799,0.8738118832529316
1800,0.3242566582594205
1801,0.0
1802,0.0
1803,0.0
1804,0.0
1805,0.30954311832744796
1806,0.0
1807,0.0
1808,0.0
1809,0.0
1810,0.28251924608451273
1811,0.0
1812,0.0
1813,0.0
1814,0.9240572017742894
1815,0.0
1816,0.0
1817,0.0
1818,1.0
1819,0.0
1820,0.0
1821,1.0
1822,0.0
1823,0.0
1824,0.0
1825,0.0
1826,0.0
1827,0.0
1828,1.0
1829,0.0
1830,0.24341734678040106
1831,0.0
1832,0.0
1833,0.0
1834,0.0
1835,0.568390750767097
1836,0.0
1837,0.0
1838,0.0
1839,1.0
1840,0.6261811260614276
1841,0.0
1842,1.0
1843,0.0
1844,1.0
1845,1.0
1846,0.0
1847,0.18235473013658965
1848,0.0
1849,0.0
1850,0.0
1851,0.0
1852,1.0
1853,0.0
1854,0.0
1855,0.0
1856,1.0
1857,0.0
1858,0.42022234932554636
1859,0.0
1860,0.0
1861,0.12366405490540788
1862,0.0
1863,1.0
1864,0.36856182456628933
1865,0.06810742440713946
1866,0.0
1867,0.0
1868,0.0
1869,1.0
1870,1.0
1871,1.0
1872,0.0
1873,0.0
1874,0.0
1875,0.0
1876,1.0
1877,1.0
1878,0.0
1879,0.0
1880,1.0
1881,0.0
1882,0.0
1883,0.0
1884,1.0
1885,0.0
1886,0.0
1887,0.0
1888,0.0
1889,0.0
1890,0.0
1891,0.29651486756788836
1892,0.0
1893,0.0
1894,1.0
1895,0.0
1896,0.0
1897,0.9449445434200026
1898,0.0
1899,0.1628456970855654
1900,1.0
1901,1.0
1902,0.0
1903,0.0
1904,0.8619899416243715
1905,0.0
1906,1.0
1907,0.0
1908,0.9051934925944739
1909,0.0
1910,0.0
1911,0.0
1912,1.0
1913,0.22269971521957654
1914,0.0
1915,0.0
1916,0.0
1917,0.0
1918,0.015593452052755086
1919,0.0
1920,0.0
1921,1.0
1922,0.986647517322529
1923,0.0
1924,1.0
1925,0.0
1926,1.0
1927,0.0
1928,0.0
1929,0.0
1930,0.21396317337713688
1931,0.0
1932,0.1303409558604215
1933,0.0
1934,0.0
1935,1.0
1936,0.0
1937,0.0
1938,1.0
1939,0.0
1940,0.0
1941,0.08482065358397628
1942,1.0
1943,0.7771616650782084
1944,0.7532668745370396
1945,0.0
1946,0.0
1947,0.21511564383773019
1948,0.0
1949,1.0
1950,0.0
1951,0.0
1952,0.0
1953,1.0
1954,1.0
1955,1.0
1956,0.6302372667475213
1957,0.0
1958,0.0
1959,0.0
1960,1.0
1961,0.5669671559995363
1962,1.0
1963,0.6351116487892692
1964,0.0
1965,0.0
1966,0.0
1967,0.0
1968,0.0
1969,0.0
1970,0.0
1971,0.0
1972,0.9419663678826493
1973,0.0
1974,0.0
1975,0.0
1976,0.0
1977,0.0
1978,0.018851157119955664
1979,0.038794733738396925
1980,0.0
1981,0.06836649013780116
1982,1.0
1983,0.0
1984,1.0
1985,0.0
1986,0.0
1987,0.21248891575617035
1988,0.0
1989,0.0
1990,0.0
1991,0.0
1992,0.6666884252043711
1993,0.0
1994,0.0
1995,0.0
1996,0.0
1997,0.0
1998,0.0
1999,0.0
2000,0.0
2001,0.0
2002,0.0
2003,0.0
2004,0.8686229802313254
2005,0.46322214116606897
2006,1.0
2007,0.0
2008,1.0
2009,1.0
2010,0.808488066894525
2011,0.0
2012,0.0
2013,0.0
2014,0.0
2015,0.0
2016,1.0
2017,0.0
2018,1.0
2019,0.6951367382442597
2020,0.0
2021,0.0
2022,0.0
2023,0.0
2024,0.0
2025,0.0
2026,1.0
2027,0.13899317210904705
2028,0.8787235467951982
2029,1.0
2030,1.0
2031,0.0
2032,0.49718243419671837
2033,0.0
2034,0.283957608765696
2035,1.0
2036,0.0
2037,0.0
2038,0.3270103662023488
2039,0.0
2040,0.0017432880703850406
2041,1.0
2042,0.0
2043,1.0
2044,0.0
2045,0.0
2046,0.0
2047,0.0
2048,1.0
2049,0.0
2050,0.0
2051,0.0
2052,0.0
2053,0.0
2054,0.0
2055,0.012922742541683352
2056,1.0
2057,0.0
2058,0.0
2059,1.0
2060,0.0
2061,0.0
2062,0.0
2063,0.0
2064,0.0
2065,0.0
2066,0.0
2067,0.0
2068,0.0
2069,0.0
2070,0.0
2071,1.0
2072,0.0
2073,0.0
2074,0.0
2075,0.0
2076,0.0
2077,0.9297910625883529
2078,0.0
2079,1.0
2080,0.0
2081,0.0
2082,0.0
2083,0.0
2084,0.0
2085,0.0
2086,0.15083767982641638
2087,0.0
2088,0.0
2089,0.6253430117192941
2090,0.0
2091,0.0
2092,0.0
2093,0.0
2094,1.0
2095,1.0
2096,0.458636678416533
2097,0.0
2098,0.0
2099,0.0
2100,0.835673874055942
2101,0.2492828197362562
2102,0.0
2103,0.0
2104,0.9430748754397376
2105,0.0
2106,0.3269770584353826
2107,0.0
2108,0.0
2109,0.4884578663684712
2110,0.0
2111,0.2487051036692709
2112,0.0
2113,1.0
2114,0.0
2115,0.0
2116,0.3716516134319432
2117,1.0
2118,0.0
2119,0.0
2120,0.03082400400489793
2121,0.0
2122,0.0
2123,0.21019314167718917
2124,0.0
2125,0.44944881169442497
2126,1.0
2127,0.0
2128,0.5516521956867773
2129,0.0
2130,1.0
2131,0.0
2132,0.0
2133,0.0
2134,0.0
2135,0.0
2136,0.0
2137,0.0
2138,0.0
2139,0.0
2140,1.0
2141,0.0
2142,0.0
2143,0.9916350699690224
2144,1.0
2145,0.0
2146,0.0
2147,1.0
2148,0.8762548674563998
2149,1.0
2150,1.0
2151,0.0
2152,1.0
2153,0.0
2154,0.04462392993192055
2155,0.2359679940169107
2156,1.0
2157,1.0
2158,1.0
2159,0.0
2160,1.0
2161,0.0
2162,0.0
2163,0.0
2164,0.0
2165,0.0
2166,0.0
2167,0.0
2168,0.0
2169,0.0
2170,0.0
2171,1.0
2172,0.0
2173,0.14587485407250989
2174,0.0
2175,0.0
2176,0.0
2177,0.35244242242878043
2178,0.0
2179,1.0
2180,1.0
2181,0.0
2182,0.0
2183,0.0
2184,1.0
2185,0.0
2186,1.0
2187,0.46055781895662384
2188,0.0
2189,0.0
2190,1.0
2191,0.1617444018593862
2192,1.0
2193,0.0
2194,1.0
2195,1.0
2196,0.0
2197,0.8615831323067151
2198,1.0
2199,0.0
2200,0.4519427176565619
2201,0.0
2202,0.0028387859982298425
2203,0.0
2204,1.0
2205,0.0
2206,0.0
2207,0.0
2208,0.0
2209,0.0
2210,0.0
2211,1.0
2212,0.0
2213,0.0
2214,1.0
2215,0.6122393874348334
2216,0.47343923465016435
2217,0.44959121592443785
2218,0.4297868407168395
2219,1.0
2220,0.0
2221,0.23108892179353968
2222,0.0
2223,0.0
2224,1.0
2225,0.0
2226,1.0
2227,0.6834549609908931
2228,0.0
2229,0.0
2230,0.420847834908761
2231,0.0
2232,0.021509406139380016
2233,0.0
2234,0.6273483497780231
2235,0.0
2236,0.0
2237,0.0
2238,0.0
2239,0.0
2240,1.0
2241,1.0
2242,1.0
2243,0.0
2244,0.0
2245,1.0
2246,0.0
2247,0.0
2248,0.0
2249,1.0
2250,0.0
2251,1.0
2252,0.0
2253,1.0
2254,1.0
2255,0.0
2256,0.0
2257,0.0
2258,1.0
2259,0.0
2260,0.6728124253753329
2261,0.0
2262,0.0
2263,1.0
2264,0.0
2265,0.0
2266,0.0
2267,1.0
2268,0.3084211177432762
2269,1.0
2270,0.07085667401798101
2271,1.0
2272,0.0
2273,0.0
2274,1.0
2275,0.0
2276,1.0
2277,0.0
2278,1.0
2279,0.0
2280,0.29653379753092635
2281,0.0
2282,0.0
2283,1.0
2284,0.0
2285,0.0
2286,0.0
2287,0.0
2288,0.040303332436065875
2289,0.0
2290,0.0
2291,0.3204447712236772
2292,0.6931605052778753
2293,0.0
2294,0.0
2295,0.0
2296,0.7216316690312181
2297,1.0
2298,0.0
2299,0.0
2300,0.0
2301,0.057406127059830725
2302,0.8943533964713695
2303,0.0
2304,0.0
2305,0.0
2306,0.0
2307,0.46337191190175187
2308,0.0
2309,0.0
2310,0.0
2311,0.0
2312,0.0
2313,1.0
2314,0.0
2315,0.018497386728089427
2316,0.0
2317,0.0
2318,0.0
2319,0.0
2320,0.0
2321,0.0
2322,1.0
2323,0.6989691331687946
2324,0.0
2325,1.0
2326,0.0
2327,1.0
2328,0.6920955765688963
2329,0.0
2330,1.0
2331,0.9765390185719759
2332,0.7830503929085388
2333,0.43834265762887714
2334,0.11070155559391281
2335,0.0
2336,0.0
2337,0.0
2338,0.0
2339,0.37760723836406085
2340,0.11917761612291766
2341,0.0
2342,0.19873466384427396
2343,1.0
2344,0.0
2345,1.0
2346,1.0
2347,0.0
2348,0.0
2349,0.3109347494230389
2350,0.8016703411871591
2351,1.0
2352,1.0
2353,0.0
2354,0.0
2355,0.0
2356,0.551260826893666
2357,0.0
2358,1.0
2359,1.0
2360,0.0
2361,0.004275650574908529
2362,0.0
2363,0.0
2364,0.0
2365,0.0
2366,0.0
2367,0.0
2368,0.0
2369,1.0
2370,0.0
2371,0.0
2372,0.0
2373,0.0
2374,0.0
2375,0.0
2376,0.0
2377,0.2317691736279821
2378,0.6897233721201468
2379,0.08679812032305045
2380,0.0
2381,0.0
2382,1.0
2383,1.0
2384,1.0
2385,0.0
2386,0.0
2387,1.0
2388,1.0
2389,1.0
2390,0.0
2391,1.0
2392,0.14697486788773106
2393,0.0
2394,0.0
2395,0.0
2396,0.0
2397,1.0
2398,0.0
2399,1.0
2400,0.0
2401,0.06701989967393496
2402,0.0
2403,0.0
2404,1.0
2405,0.0
2406,0.0
2407,0.0
2408,0.0
2409,0.10677595664275552
2410,0.0
2411,0.05920463296446932
2412,0.0
2413,0.0
2414,0.09301346927741927
2415,0.0
2416,0.46767613943169517
2417,0.0
2418,0.535520292416475
2419,0.9879804181581715
2420,0.0
2421,0.0
2422,0.0
2423,0.0
2424,1.0
2425,0.062322415522532815
2426,0.0
2427,0.0
2428,0.0
2429,0.0
2430,1.0
2431,0.0
2432,0.0
2433,0.0
2434,0.0
2435,0.07644936681939984
2436,1.0
2437,0.0
2438,0.0
2439,1.0
2440,0.2784487968575534
2441,1.0
2442,0.0
2443,0.0
2444,0.5202049180863062
2445,0.0
2446,0.0
2447,1.0
2448,0.0
2449,0.0
2450,0.0
2451,0.2564260203437002
2452,0.0
2453,0.0
2454,0.0
2455,1.0
2456,0.6457941031037286
2457,0.0
2458,0.0
2459,0.0
2460,0.0
2461,1.0
2462,0.0
2463,0.0
2464,0.0
2465,0.0654812223630783
2466,0.0
2467,0.0
2468,0.0
2469,0.0
2470,1.0
2471,1.0
2472,0.0
2473,1.0
2474,0.0
2475,0.0
2476,1.0
2477,0.0
2478,0.0
2479,0.0
2480,0.0
2481,0.5305661993081192
2482,0.0
2483,0.0
2484,0.0
2485,1.0
2486,0.0
2487,1.0
2488,0.0
2489,0.0
2490,0.0
2491,0.0
2492,0.44012277517366794
2493,0.0
2494,1.0
2495,0.0
2496,0.0
2497,0.8313949736980079
2498,0.0
2499,0.08315652444874377
2500,1.0
2501,0.3279314571284957
2502,0.0
2503,0.0
2504,0.0
2505,0.0
2506,0.0
2507,0.11869030197641228
2508,0.0
2509,1.0
2510,1.0
2511,0.0
2512,0.0
2513,0.5446893647464922
2514,1.0
2515,0.35844141711053124
2516,0.0
2517,0.0
2518,0.0
2519,1.0
2520,0.0
2521,0.0
2522,0.0
2523,0.0
2524,0.0
2525,0.0
2526,0.0
2527,0.0
2528,0.0
2529,0.0
2530,0.0
2531,0.0
2532,1.0
2533,0.0
2534,0.843609772828611
2535,0.0
2536,0.5838765780826406
2537,0.19891016817289608
2538,0.0
2539,0.0
2540,1.0
2541,0.0
2542,0.0
2543,1.0
2544,0.0
2545,0.0
2546,0.0
2547,1.0
2548,0.0
2549,0.0
2550,0.0
2551,0.0
2552,1.0
2553,0.0
2554,0.0
2555,0.5160540664012282
2556,0.0
2557,0.0
2558,0.3700818958264812
2559,1.0
2560,0.0
2561,0.0
2562,0.0
2563,0.0
2564,1.0
2565,0.0
2566,0.0
2567,0.8261585226409522
2568,1.0
2569,1.0
2570,0.18222639949861885
2571,0.0
2572,0.0
2573,1.0
2574,1.0
2575,0.0
2576,1.0
2577,0.0
2578,0.0
2579,0.0
2580,0.0
2581,0.6833373298785637
2582,1.0
2583,0.0
2584,0.0
2585,0.5674260221271711
2586,1.0
2587,0.25411787878599035
2588,0.0
2589,1.0
2590,1.0
2591,0.7705586074668938
2592,1.0
2593,0.0
2594,0.0
2595,1.0
2596,0.0
2597,0.13731511901597993
2598,0.0
2599,0.0
2600,1.0
2601,1.0
2602,0.0
2603,0.0
2604,0.02567892023324081
2605,1.0
2606,0.0
2607,0.04629773128416281
2608,1.0
2609,1.0
2610,0.0
2611,0.0
2612,0.0
2613,0.0
2614,1.0
2615,0.0
2616,0.0
2617,1.0
2618,0.6973763845955367
2619,0.0
2620,0.0
2621,0.10736293626343418
2622,0.0
2623,1.0
2624,0.0
2625,0.0
2626,0.016075560437149305
2627,1.0
2628,1.0
2629,1.0
2630,1.0
2631,0.0
2632,0.0
2633,0.0
2634,0.0
2635,0.0
2636,0.6208975602372099
2637,0.0
2638,1.0
2639,0.0
2640,0.0
2641,0.0
2642,0.0
2643,0.0
2644,0.0
2645,1.0
2646,1.0
2647,1.0
2648,0.0
2649,1.0
2650,0.0
2651,0.0
2652,1.0
2653,0.11259847582199844
2654,0.0
2655,0.02371407514490642
2656,0.0
2657,1.0
2658,0.0
2659,0.0
2660,0.0
2661,0.934114580462178
2662,1.0
2663,0.0
2664,0.0
2665,0.0
2666,0.1374888857235822
2667,0.045196127795814056
2668,0.0
2669,0.0
2670,0.0
2671,0.0
2672,0.7896867954917498
2673,0.0
2674,0.0
2675,0.5989239752576252
2676,1.0
2677,0.4855855624059041
2678,0.0
2679,0.0
2680,0.686182497910145
2681,0.0
2682,0.0
2683,0.0
2684,0.0
2685,1.0
2686,0.00913729303141353
2687,0.049906817693241234
2688,0.0
2689,1.0
2690,0.0
2691,0.0
2692,0.9995598000132565
2693,1.0
2694,0.0
2695,0.0
2696,0.0
2697,0.0
2698,0.0
2699,0.0
2700,0.0
2701,0.0
2702,0.277095332512554
2703,1.0
2704,0.0
2705,0.0
2706,1.0
2707,0.0
2708,0.0
2709,0.0
2710,0.0
2711,0.0
2712,0.0
2713,0.0
2714,0.0
2715,0.0
2716,0.0
2717,1.0
2718,0.9165348389495488
2719,0.0
2720,1.0
2721,0.0
2722,0.0
2723,0.36134150818354305
2724,1.0
2725,1.0
2726,1.0
2727,0.0
2728,0.12805413336923965
2729,1.0
2730,0.10298772793155553
2731,0.6152659932402225
2732,0.0
2733,0.0
2734,0.0
2735,0.0
2736,0.0
2737,0.0
2738,1.0
2739,0.0
2740,0.09782981652593636
2741,0.0
2742,0.06951538882895192
2743,0.6315406354618974
2744,0.0
2745,0.0
2746,0.0
2747,0.0
2748,0.0
2749,0.0
2750,0.0
2751,0.0
2752,0.0
2753,1.0
2754,0.0
2755,0.0
2756,0.0
2757,0.0
2758,0.0
2759,0.0
2760,0.0
2761,0.0
2762,0.0
2763,1.0
2764,0.060957032762506635
2765,0.0
2766,0.62998826062285
2767,0.0
2768,0.0
2769,0.0
2770,1.0
2771,1.0
2772,0.0
2773,0.0
2774,0.0
2775,0.0
2776,1.0
2777,1.0
2778,0.0
2779,0.0
2780,0.0
2781,0.0
2782,0.0
2783,0.0
2784,0.0
2785,0.0
2786,1.0
2787,1.0
2788,0.12291682418365346
2789,1.0
2790,0.0
2791,0.0
2792,0.0
2793,0.0
2794,0.0
2795,0.0
2796,0.0
2797,0.0
2798,0.0
2799,1.0
2800,0.0
2801,0.8706337433618994
2802,0.0
2803,0.0
2804,0.0
2805,0.0
2806,1.0
2807,0.0
2808,0.0
2809,0.0
2810,0.0
2811,0.5824816031797091
2812,0.0
2813,0.0
2814,0.0
2815,0.0
2816,0.4924064141682617
2817,0.0
2818,0.0
2819,0.0
2820,0.0
2821,0.0
2822,0.0
2823,0.548780981131553
2824,1.0
2825,1.0
2826,1.0
2827,0.9649741948602619
2828,0.0
2829,0.0
2830,0.04105838593791966
2831,0.0
2832,0.0
2833,0.0
2834,0.6295953591158373
2835,0.0
2836,0.28129480349285596
2837,0.0
2838,0.0
2839,0.6493928918542531
2840,1.0
2841,0.682917861333871
2842,1.0
2843,0.0
2844,1.0
2845,0.5911227273221545
2846,0.0
2847,0.0
2848,0.0
2849,1.0
2850,0.10285825417921635
2851,0.0
2852,0.0
2853,0.0
2854,0.6492320498963544
2855,0.0
2856,0.0
2857,0.0
2858,0.0
2859,0.35900130503599437
2860,0.0
2861,0.0
2862,0.0
2863,0.0
2864,0.43312833259249334
2865,0.0
2866,0.0
2867,0.0
2868,0.18142925343101501
2869,0.0
2870,1.0
2871,1.0
2872,0.0
2873,0.0
2874,1.0
2875,0.0
2876,0.0
2877,0.0
2878,0.0
2879,0.0
2880,1.0
2881,0.0
2882,0.0
2883,1.0
2884,0.0
2885,0.0
2886,0.0
2887,0.0
2888,1.0
2889,0.0
2890,0.877951406361218
2891,0.0
2892,0.26831333594804896
2893,0.0
2894,0.0
2895,0.9275716162208839
2896,0.0
2897,0.0
2898,0.7432822616527747
2899,1.0
2900,1.0
2901,0.01848910485760713
2902,1.0
2903,0.0
2904,0.0
2905,1.0
2906,0.3426614607726626
2907,0.0
2908,0.0
2909,0.0
2910,0.0
2911,0.0
2912,0.0
2913,0.0
2914,0.0
2915,0.0
2916,1.0
2917,0.0
2918,0.0
2919,0.0
2920,1.0
2921,1.0
2922,0.3316239484936704
2923,0.0
2924,0.7803511521172393
2925,0.0
2926,1.0
2927,0.6152466948945317
2928,0.0
2929,1.0
2930,0.36380892426402356
2931,0.4150927479563825
2932,0.0
2933,0.0
2934,0.0
2935,0.0
2936,0.0
2937,0.0
2938,0.5381167195970269
2939,1.0
2940,0.8700913858557834
2941,0.0
2942,1.0
2943,0.0
2944,0.06595602059104566
2945,0.0
2946,0.0
2947,0.0
2948,0.0
2949,0.0
2950,0.7971718118545366
2951,0.0
2952,1.0
2953,1.0
2954,0.41008286401046334
2955,0.008690766575259357
2956,1.0
2957,0.4438184516134101
2958,0.0
2959,0.0
2960,0.0
2961,0.0
2962,0.0
2963,0.0
2964,0.0
2965,0.0
2966,0.0
2967,0.3428451561779242
2968,0.0
2969,0.0
2970,0.0
2971,1.0
2972,0.0
2973,0.0
2974,1.0
2975,0.0
2976,0.0
2977,0.0
2978,0.0
2979,1.0
2980,1.0
2981,0.0
2982,0.0
2983,0.0
2984,1.0
2985,0.0
2986,0.0
2987,0.0
2988,0.0
2989,1.0
2990,0.0
2991,0.0
2992,0.0
2993,0.0
2994,0.0
2995,0.0
2996,0.06732459603384244
2997,0.0
2998,0.0
2999,0.0
3000,0.0
3001,0.0
3002,1.0
3003,1.0
3004,0.0
3005,0.0
3006,0.0
3007,0.0
3008,1.0
3009,0.8582456501325819
3010,0.0
3011,0.0
3012,0.0
3013,1.0
3014,0.0
3015,1.0
3016,0.0
3017,0.14855559846073485
3018,1.0
3019,0.0
3020,1.0
3021,0.0
3022,1.0
3023,1.0
3024,0.0
3025,0.0
3026,0.0
3027,0.0
3028,0.0
3029,0.0
3030,0.0
3031,0.0
3032,0.0
3033,1.0
3034,0.0
3035,1.0
3036,0.0
3037,0.21976868549419482
3038,0.0
3039,1.0
3040,0.0
3041,0.0
3042,0.021043572662196808
3043,0.0
3044,1.0
3045,0.33852231988750714
3046,0.0
3047,1.0
3048,1.0
3049,0.0
3050,1.0
3051,0.0
3052,0.0
3053,0.0
3054,0.0
3055,0.0
3056,0.0
3057,0.0
3058,0.0
3059,0.0
3060,0.0
3061,1.0
3062,0.0
3063,0.5498399661326804
3064,0.0
3065,0.0
3066,0.11343109666370699
3067,1.0
3068,0.0
3069,0.0
3070,0.0
3071,0.0
3072,0.5927433768880084
3073,0.0
3074,0.0
3075,1.0
3076,0.0
3077,0.0
3078,0.7260639851635239
3079,0.8920141988157417
3080,0.0
3081,0.0
3082,0.5629963726841296
3083,0.0010956978522812522
3084,0.27925990049703897
3085,0.0
3086,0.0
3087,0.0
3088,1.0
3089,0.0
3090,0.15417698175087924
3091,1.0
3092,0.0
3093,0.0
3094,0.7862385063153094
3095,0.4055316094863314
3096,0.0
3097,0.0
3098,0.0
3099,1.0
3100,0.0
3101,0.0
3102,0.0
3103,1.0
3104,0.0996810151577574
3105,0.0
3106,0.6907219589749153
3107,0.0
3108,0.3078184805598798
3109,0.0
3110,0.4890978034878802
3111,0.0
3112,1.0
3113,0.0
3114,0.0
3115,1.0
3116,0.0
3117,0.977014340279292
3118,0.0
3119,0.0
3120,0.0
3121,0.0
3122,1.0
3123,0.0
3124,0.0
3125,0.0
3126,1.0
3127,0.0
3128,0.0
3129,0.0
3130,0.0
3131,0.0
3132,0.0
3133,0.0
3134,1.0
3135,0.0
3136,0.0
3137,0.04370821968514904
3138,0.8733036514727047
3139,0.5490397166016423
3140,0.0
3141,0.0
3142,1.0
3143,1.0
3144,0.26947427775844
3145,0.0
3146,0.15108779944175998
3147,0.0
3148,0.0
3149,0.0
3150,0.19169744257166121
3151,1.0
3152,0.0
3153,0.0
3154,0.6239662986962479
3155,0.0
3156,1.0
3157,1.0
3158,0.8648755081274545
3159,0.5062725798777985
3160,0.6986263120898524
3161,0.0
3162,1.0
3163,1.0
3164,0.5106671338252231
3165,0.0
3166,0.0
3167,1.0
3168,0.0
3169,0.0
3170,0.0
3171,1.0
3172,0.9615065907052696
3173,1.0
3174,0.39327264899686865
3175,1.0
3176,0.0
3177,0.0
3178,0.24712349416028134
3179,0.8349542766475764
3180,0.0
3181,0.0
3182,0.0
3183,1.0
3184,0.0
3185,1.0
3186,0.0
3187,0.0
3188,1.0
3189,0.0
3190,0.0
3191,0.0
3192,0.7451909401525129
3193,1.0
3194,0.0
3195,0.6354325558246483
3196,1.0
3197,0.47040437617352615
3198,0.0
3199,0.0
3200,1.0
3201,0.021750782012862957
3202,1.0
3203,0.0
3204,0.0
3205,1.0
3206,1.0
3207,0.0
3208,0.0
3209,0.0
3210,0.0
3211,1.0
3212,0.0
3213,0.8268172211988779
3214,0.4451456130188358
3215,0.0
3216,0.0
3217,0.0
3218,0.0
3219,0.0
3220,0.0
3221,1.0
3222,0.08317373659080418
3223,1.0
3224,0.9179868206435963
3225,0.0
3226,0.0
3227,1.0
3228,0.0
3229,1.0
3230,0.0
3231,0.597803784047061
3232,0.0
3233,0.0
3234,1.0
3235,1.0
3236,0.0
3237,0.17376960918386386
3238,0.0
3239,0.0
3240,0.0
3241,1.0
3242,0.0
3243,1.0
3244,1.0
3245,0.0
3246,1.0
3247,0.0
3248,0.7296254264780836
3249,0.0
3250,0.0
3251,0.0
3252,0.0
3253,1.0
3254,0.0
3255,1.0
3256,0.0
3257,1.0
3258,0.0
3259,0.22720471085573513
3260,0.0
3261,0.11038048894693608
3262,0.0
3263,0.0
3264,0.0
3265,0.19339428312199236
3266,0.0
3267,0.7980149216410986
3268,0.0
3269,1.0
3270,1.0
3271,0.0
3272,0.0
3273,0.12677681733956692
3274,0.0
3275,0.0
3276,0.0
3277,0.013466542034035744
3278,1.0
3279,0.9201774979199362
3280,0.0
3281,0.6155169575224823
3282,1.0
3283,0.0
3284,1.0
3285,0.66194566540766
3286,0.0
3287,1.0
3288,1.0
3289,0.0
3290,0.0
3291,0.0
3292,0.0
3293,0.0
3294,0.0
3295,0.0
3296,0.0
3297,0.0
3298,1.0
3299,0.8982181974348161
3300,0.16569997295176409
3301,0.3301625752469375
3302,1.0
3303,0.3387918153134041
3304,0.0
3305,0.0
3306,0.0
3307,0.0
3308,0.0
3309,1.0
3310,0.0
3311,0.28013850216004843
3312,0.0
3313,0.0
3314,0.0
3315,0.9661461035248387
3316,0.0
3317,0.0
3318,0.0
3319,1.0
3320,0.8728147643027694
3321,0.0
3322,0.0
3323,1.0
3324,0.0
3325,0.0
3326,0.0
3327,1.0
3328,0.14456063172379907
3329,1.0
3330,0.0
3331,1.0
3332,0.6871786308628648
3333,0.0
3334,0.5009490135959219
3335,0.0
3336,0.6052161918493826
3337,0.0
3338,1.0
3339,1.0
3340,0.0
3341,1.0
3342,0.0
3343,1.0
3344,0.5517875225601817
3345,1.0
3346,0.0
3347,0.0
3348,1.0
3349,0.0
3350,0.0
3351,1.0
3352,0.0
3353,0.0
3354,0.0
3355,0.0
3356,0.5065716564494583
3357,0.18345064663286326
3358,0.3506369344440528
3359,0.0
3360,0.20545018278068494
3361,0.0
3362,0.2785049749758912
3363,0.0
3364,1.0
3365,0.028951964944469055
3366,0.0
3367,0.0
3368,0.0
3369,0.0
3370,0.0
3371,1.0
3372,0.21065934922769336
3373,1.0
3374,0.3783664626974176
3375,0.0
3376,0.0
3377,0.0
3378,1.0
3379,0.0
3380,1.0
3381,0.0
3382,0.0
3383,1.0
3384,0.0
3385,0.0
3386,0.3668053688383992
3387,0.0
3388,0.0
3389,0.052320733512022044
3390,0.0
3391,0.0
3392,0.0
3393,0.0
3394,1.0
3395,0.9519627219326171
3396,1.0
3397,0.2802962827353833
3398,1.0
3399,1.0
3400,0.0
3401,1.0
3402,0.0
3403,0.0
3404,0.0
3405,0.0
3406,1.0
3407,0.0
3408,0.0
3409,0.0
3410,0.0
3411,1.0
3412,0.7213098885010609
3413,0.0
3414,0.0
3415,0.7316851688100803
3416,0.0
3417,0.21441641223512897
3418,0.8012640223068612
3419,0.0
3420,0.0
3421,0.0
3422,1.0
3423,0.4405966523987163
3424,0.0
3425,1.0
3426,0.79689339823265
3427,0.0
3428,0.0
3429,0.2908223250082621
3430,0.0
3431,0.0
3432,0.4974046241811788
3433,1.0
3434,0.0
3435,0.0
3436,0.0
3437,1.0
3438,0.0
3439,0.0
3440,0.3571043191551845
3441,0.0
3442,0.0
3443,0.03551921764968624
3444,0.0
3445,0.0
3446,0.0
3447,1.0
3448,0.0
3449,1.0
3450,1.0
3451,0.0
3452,0.0
3453,0.0
3454,0.0
3455,0.0
3456,0.0
3457,0.5362784331496807
3458,1.0
3459,0.0
3460,0.0
3461,0.2326072375624335
3462,0.0
3463,0.0
3464,1.0
3465,0.0
3466,0.0
3467,0.0
3468,0.47399540739120416
3469,0.0
3470,0.0
3471,1.0
3472,1.0
3473,0.0
3474,0.10042126030243892
3475,0.16147586820204918
3476,0.0
3477,0.510918690336861
3478,0.0
3479,0.44502492718597386
3480,0.0
3481,0.610479468694121
3482,1.0
3483,0.0
3484,0.6026740084642391
3485,0.0
3486,0.0
3487,1.0
3488,0.0
3489,0.0
3490,0.0
3491,0.0
3492,0.0
3493,0.0
3494,1.0
3495,0.0
3496,0.0
3497,1.0
3498,1.0
3499,0.0
3500,0.0
3501,0.20559278623775679
3502,0.0
3503,0.6912023249506491
3504,0.0
3505,0.0
3506,0.0
3507,0.0
3508,1.0
3509,0.0
3510,0.0
3511,0.0
3512,0.0
3513,0.0
3514,0.0
3515,0.029372389169618707
3516,0.0
3517,0.0
3518,0.06203212607901487
3519,0.40331723901162153
3520,0.0
3521,0.0
3522,1.0
3523,0.0
3524,0.0
3525,0.0
3526,1.0
3527,0.0
3528,0.0
3529,1.0
3530,0.25558048219245133
3531,1.0
3532,0.0
3533,0.0
3534,1.0
3535,0.0
3536,0.0
3537,0.0
3538,0.2301632851226939
3539,0.0
3540,0.49509101915040565
3541,0.0
3542,0.0
3543,0.2682885164356077
3544,0.0
3545,0.0
3546,0.0
3547,0.0
3548,0.2546720772246023
3549,0.0
3550,0.7254126658402558
3551,0.0
3552,1.0
3553,0.0
3554,0.6124006474630133
3555,0.3018486334750762
3556,0.4248940714703757
3557,0.0
3558,0.0
3559,0.0
3560,0.0
3561,0.6227617212688724
3562,0.0
3563,0.0
3564,0.0
3565,0.0
3566,1.0
3567,1.0
3568,0.0
3569,0.0
3570,0.0
3571,1.0
3572,1.0
3573,1.0
3574,0.0
3575,0.6869035614647352
3576,0.40478522576002635
3577,1.0
3578,1.0
3579,0.0
3580,0.0
3581,0.237304315109788
3582,0.0
3583,0.6499211922895595
3584,0.08673638357487534
3585,1.0
3586,0.0
3587,0.0
3588,0.0
3589,0.0
3590,0.0
3591,0.0023924259054687314
3592,0.0
3593,0.0
3594,0.0
3595,1.0
3596,0.0
3597,1.0
3598,0.0
3599,0.0
3600,0.0
3601,0.0
3602,0.0
3603,0.14443970027648434
3604,0.4564941604053683
3605,0.0
3606,1.0
3607,0.0
3608,1.0
3609,0.0
3610,0.0
3611,0.0
3612,1.0
3613,1.0
3614,0.7436472343895205
3615,0.0
3616,0.0
3617,0.0
3618,0.6910310480403792
3619,0.0
3620,0.0
3621,0.8590784170709285
3622,0.0
3623,0.5834127748708636
3624,0.0
3625,0.0
3626,0.46704156601252433
3627,0.1256491009815216
3628,0.0
3629,0.0
3630,1.0
3631,0.0
3632,0.0
3633,0.0
3634,1.0
3635,0.7716759313436976
3636,0.47255818011203393
3637,0.0
3638,0.6141338506179151
3639,0.17741349599539624
3640,1.0
3641,0.0
3642,0.5588824298652415
3643,1.0
3644,0.17203297445296484
3645,1.0
3646,1.0
3647,0.9549011378398375
3648,1.0
3649,0.0
3650,0.0
3651,0.0
3652,0.0
3653,0.0
3654,0.5279552346555108
3655,0.0
3656,0.08434208898948137
3657,0.4631470040239235
3658,0.0
3659,0.3996859192190424
3660,0.0
3661,1.0
3662,0.0
3663,0.0
3664,0.0
3665,0.0
3666,0.0
3667,0.0
3668,0.0
3669,0.7075210487526324
3670,1.0
3671,0.011267387201658874
3672,0.0
3673,0.2108801909178647
3674,0.0
3675,0.6845069495652545
3676,0.0
3677,0.0
3678,0.34430858647988094
3679,0.0
3680,1.0
3681,0.0
3682,0.26877132131728565
3683,1.0
3684,1.0
3685,0.0
3686,0.0
3687,0.0
3688,0.0
3689,1.0
3690,0.0
3691,0.0
3692,1.0
3693,0.0
3694,1.0
3695,1.0
3696,0.7282265025180102
3697,0.0
3698,0.0
3699,1.0
3700,0.0
3701,0.0
3702,0.0
3703,0.0
3704,0.0
3705,0.4242405445327584
3706,0.0
3707,0.13944240092713067
3708,0.45537645697180185
3709,0.0
3710,0.0
3711,0.0
3712,0.4805514367447087
3713,0.0
3714,0.0
3715,0.0
3716,0.0
3717,0.6050644045719287
3718,0.0
3719,0.0
3720,0.0
3721,0.0
3722,0.0
3723,0.13440488207080425
3724,0.0
3725,0.0
3726,0.0
3727,0.0
3728,0.0
3729,0.0
3730,0.0
3731,0.9287415013558398
3732,0.0
3733,0.0
3734,0.0
3735,0.0
3736,1.0
3737,1.0
3738,0.0
3739,0.0
3740,0.0
3741,1.0
3742,0.0
3743,1.0
3744,1.0
3745,0.0
3746,0.0
3747,1.0
3748,0.0
3749,0.0
3750,0.0
3751,0.21363444974353918
3752,0.0
3753,0.7977758903075715
3754,0.0
3755,0.0
3756,0.0
3757,0.021013760229123712
3758,0.0
3759,0.0
3760,0.0
3761,0.08315227388141777
3762,0.0
3763,0.4166327213478112
3764,0.40503079476370285
3765,0.0
3766,0.0
3767,0.0
3768,0.0
3769,0.0
3770,1.0
3771,0.0
3772,0.0
3773,1.0
3774,0.0
3775,0.35878595756345977
3776,0.0
3777,0.6062223149644504
3778,0.0
3779,0.26035831496047546
3780,0.7706715056327443
3781,0.0
3782,0.07580511250570243
3783,0.0
3784,0.0
3785,0.0
3786,0.0
3787,0.0
3788,0.0
3789,0.0
3790,0.0
3791,0.4889268702978371
3792,0.0
3793,0.0
3794,0.0
3795,1.0
3796,0.0
3797,0.031133820320950023
3798,0.01762968028178835
3799,0.0
3800,0.0
3801,0.0
3802,0.0
3803,0.0
3804,0.0
3805,0.0
3806,1.0
3807,0.0
